status,ori_code,juris_name,juris_name_long,drop_fields,id_numbers,date_field,date_reported_field,date_field_backup,date_strategy,rape_field,rape_def,unfounded_field,unfounded_def,arrest_field,arrest_def,exc_field,exc_def,offense_counter,offense_counter_arrest,offense_counter_exc,offense_counter_unf,closure_detail_field,arrest_date_field,exc_date_field,unf_date_field,foia_actual_2014,foia_actual_2015,foia_actual_2016,foia_unf_2014,foia_unf_2015,foia_unf_2016,foia_arrest_2014,foia_arrest_2015,foia_arrest_2016,foia_exc_2014,foia_exc_2015,foia_exc_2016,foia_unf_rate_2014,foia_unf_rate_2015,foia_unf_rate_2016,foia_arrest_rate_2014,foia_arrest_rate_2015,foia_arrest_rate_2016,foia_exc_rate_2014,foia_exc_rate_2015,foia_exc_rate_2016,ucr_actual_2014,ucr_actual_2015,ucr_actual_2016,ucr_unf_2014,ucr_unf_2015,ucr_unf_2016,ucr_clear_2014,ucr_clear_2015,ucr_clear_2016,ucr_unf_rate_2014,ucr_unf_rate_2015,ucr_unf_rate_2016,ucr_clear_rate_2014,ucr_clear_rate_2015,ucr_clear_rate_2016,nibrs_actual_2014,nibrs_actual_2015,nibrs_actual_2016,nibrs_arrest_2014,nibrs_arrest_2015,nibrs_arrest_2016,nibrs_exc_2014,nibrs_exc_2015,nibrs_exc_2016,nibrs_arrest_rate_2014,nibrs_arrest_rate_2015,nibrs_arrest_rate_2016,nibrs_exc_rate_2014,nibrs_exc_rate_2015,nibrs_exc_rate_2016
Data provided (but missing clear dispositions),AZ00700,MARICOPA,"Maricopa County Sheriff's Office, Arizona",,DR #,DateEnteredSystem,,SUPDATE,1,UCRCLASS,"[10220, 10210]",UNFOUNDED,"['x', 'X']",,,,,,,,,DISP,,,,79,29,95,18,4,17,,,,,,,18.6,12.1,15.2,,,,,,,80,26,100,5,1,11,21,7,20,5.9,3.7,9.9,26.3,26.9,20,,,,,,,,,,,,,,,
Data provided (but missing clear dispositions),AZ00717,MESA,"Mesa PD, Arizona",,,,,,,,,,,,,,,,,,,,,,,,,,,,,,,,,,,,,,,,,,,,252,241,272,23,20,27,47,55,68,8.4,7.7,9,18.7,22.8,25,,,,,,,,,,,,,,,
Data provided (appears complete),AZ00723,PHOENIX,"Phoenix PD, Arizona",,INCIDENT_NUM,REPORTED_DATE,REPORTED_DATE,,0,UCR_LEVEL,[2],DISPOSITION_CODE,['1'],DISPOSITION_CODE,"['AA', 'E', 'JC']",DISPOSITION_CODE,"['A', 'B', 'C', 'D']",OFFENSE_COUNT,CLR_ARST,CLR_ARST,UNFOUNDED,DISPOSITION_CODE,DISPOSITION_DATE,DISPOSITION_DATE,DISPOSITION_DATE,,214,1021,,10,40,,16,70,,5,39,,4.5,3.8,,7.5,6.9,,2.3,3.8,1006,1016,1019,14,15,38,233,194,111,1.4,1.5,3.6,23.2,19.1,10.9,,,,,,,,,,,,,,,
Data provided (but missing clear dispositions),AZ01000,PIMA,"Pima County Sheriff's Department, Arizona",,,,,,,,,,,,,,,,,,,,,,,,,,,,,,,,,,,,,,,,,,,,69,76,77,5,4,3,30,35,29,6.8,5,3.8,43.5,46.1,37.7,,,,,,,,,,,,,,,
Data provided (appears complete),AZ01003,TUCSON,"Tucson PD, Arizona",,inci_id,YEAR,date_rept,,2,offense,"['SEXUAL ASSAULT/FORCIBLE RAPE', 'SEXUAL ASSAULT/FORCIBLE RAPE - FEMALE', 'SEXUAL ASSAULT/ATTEMPTED RAPE', 'SEX OFFENSES/CHILD MOLESTING']",dispostn,"['UFOR', 'UFRC', 'UFXX']",dispostn,"['ADCA', 'ADOA', 'ADRA', 'CBA', 'CBOA', 'JVCA', 'JVOA', 'JVRA']",dispostn,"['A', 'B', 'C', 'ADCX', 'ADOX', 'ADRX', 'D', 'E', 'EXC', 'JVCX', 'JVOX', 'JVRX']",,,,,dispostn,datedispos,datedispos,datedispos,408,433,468,3,0,2,25,28,24,8,12,2,0.7,,0.4,6.1,6.5,5.1,2,2.8,0.4,399,422,469,1,1,0,29,29,24,0.3,0.2,0,7.3,6.9,5.1,,,,,,,,,,,,,,,
Data provided (appears complete),CA00109,OAKLAND,"Oakland PD, California",,Report Number,YEAR,Reported D/T,,2,UCR,"['FORCIBLE RAPE - RAPE BY FORCE', 'FORCIBLE RAPE - ATTEMPTS TO COMMIT FORCIBLE RAPE']",Disposition,['UNFOUNDED'],Disposition,"['CLOSED BY ARREST - ADULT', 'CLOSED BY ARREST - JUVENILE']",Disposition,"['CLOSED BY EXCEPTION - ADULT', 'CLOSED BY EXCEPTION - JUVENILE']",,,,,Exceptional Clearance,Disposition D/T,Disposition D/T,Disposition D/T,254,333,341,100,43,25,48,37,44,116,181,160,28.2,11.4,6.8,18.9,11.1,12.9,45.7,54.4,46.9,209,285,277,107,40,35,106,204,233,33.9,12.3,11.2,50.7,71.6,84.1,,,,,,,,,,,,,,,
Data provided (but missing clear dispositions),CA01005,FRESNO,"Fresno PD, California",,,,,,,,,,,,,,,,,,,,,,,,,,,,,,,,,,,,,,,,,,,,53,167,158,1,1,1,18,63,67,1.9,0.6,0.6,34,37.7,42.4,,,,,,,,,,,,,,,
Data provided (appears complete),CA01500,KERN,"Kern County Sheriff's Office, California",,Case Number,YEAR,Case Reported Date And Time,,2,Case Offense Statute Crime Code,"['11A', '11B', '11C']",Case Status,['UNFOUNDED'],Case Status,['CLEARED BY ARREST'],Case Status,['CLOSED EXCEPTIONALLY CLEARED'],,,,,,Case Status Date And Time,Case Status Date And Time,Case Status Date And Time,183,128,147,1,3,1,30,28,38,16,8,8,0.5,2.3,0.7,16.4,21.9,25.9,8.7,6.3,5.4,109,157,177,0,0,2,36,43,53,0,0,1.1,33,27.4,29.9,,,,,,,,,,,,,,,
Data provided (appears complete),CA01502,BAKERSFIELD,"Bakersfield PD, California",,Reference,Jurisdiction  Evt Date,Jurisdiction  Evt Date,,0,Rucr Ext D_x,['SEX ASLT'],Clearance Status D,['UNFOUNDED'],Clearance Status D,['ARREST AND/OR CHARGED'],Clearance Status D,['CLEARED EXCEPTIONALLY'],,,,,Operational Code D,Clearance Date,Clearance Date,Clearance Date,21,68,65,0,0,0,14,26,16,2,14,13,,,,66.7,38.2,24.6,9.5,20.6,20,21,71,67,1,1,0,15,40,32,4.5,1.4,0,71.4,56.3,47.8,,,,,,,,,,,,,,,
"Data not provided (expected, not received by deadline)",CA01900,LOSANGELESCOUNTY,"Los Angeles County Sheriff's Office, California",,,,,,,,,,,,,,,,,,,,,,,,,,,,,,,,,,,,,,,,,,,,201,304,307,9,11,12,151,230,207,4.3,3.5,3.8,75.1,75.7,67.4,,,,,,,,,,,,,,,
Data provided (appears complete),CA01941,LONGBEACH,"Long Beach PD, California",,DR,Reported,Reported,,0,UCR,"['02A', '02B']",Disposition,['UNFOUNDED (CLOSED)'],MFByArrest,[1],MFByExcept,[1],,,,,,Arrest Date,Cleared/Closed,Cleared/Closed,111,165,182,7,16,18,22,14,24,44,71,74,5.9,8.8,9,19.8,8.5,13.2,39.6,43,40.7,110,177,197,9,11,10,64,86,97,7.6,5.9,4.8,58.2,48.6,49.2,,,,,,,,,,,,,,,
Data provided (appears complete),CA01942,LOSANGELESCITY,"Los Angeles PD, California",,DR_NBR,YEAR,RPT DT,,2,DESCRIPTION1,['RAPE'],ST_DESC,['REPORT UNFOUNDED'],ST_DESC,"['ADULT ARREST', 'JUVENILE ARREST']",ST_DESC,"['ADULT OTHER', 'JUVENILE OTHER']",,,,,,ARST DT,,,1729,2241,2377,45,47,64,260,333,321,771,953,901,2.5,2.1,2.6,15,14.9,13.5,44.6,42.5,37.9,1126,2209,2343,35,36,58,648,1206,1303,3,1.6,2.4,57.5,54.6,55.6,,,,,,,,,,,,,,,
Data not provided (denied),CA03001,ANAHEIM,"Anaheim PD, California",,,,,,,,,,,,,,,,,,,,,,,,,,,,,,,,,,,,,,,,,,,,79,129,123,0,1,3,38,34,27,0,0.8,2.4,48.1,26.4,22,,,,,,,,,,,,,,,
Data not provided (denied),CA03019,SANTAANA,"Santa Ana PD, California",,,,,,,,,,,,,,,,,,,,,,,,,,,,,,,,,,,,,,,,,,,,115,154,142,5,5,7,62,86,62,4.2,3.1,4.7,53.9,55.8,43.7,,,,,,,,,,,,,,,
Data not provided (denied),CA03300,RIVERSIDECOUNTY,"Riverside County Sheriff's Office, California",,,,,,,,,,,,,,,,,,,,,,,,,,,,,,,,,,,,,,,,,,,,56,38,56,2,4,3,16,9,8,3.4,9.5,5.1,28.6,23.7,14.3,,,,,,,,,,,,,,,
Data not provided (not explicitly denied),CA03313,RIVERSIDECITY,"Riverside PD, California",,,,,,,,,,,,,,,,,,,,,,,,,,,,,,,,,,,,,,,,,,,,143,137,141,0,0,0,41,48,51,0,0,0,28.7,35,36.2,,,,,,,,,,,,,,,
Data provided (appears complete),CA03400,SACRAMENTOCOUNTY,"Sacramento County Sheriff, California",,ReportNo,YEAR,,,2,UCR_Code,['11A'],UnfoundedStatus,['Y'],ClearedbyArrestStatus,['Y'],ExceptionalClearanceStatus,['Y'],,,,,,ClearedbyArrestDate,ExceptionalClearanceDate,UnfoundedDate,200,163,183,0,3,1,42,18,8,28,16,9,,1.8,0.5,21,11,4.4,14,9.8,4.9,181,155,155,0,0,0,34,22,4,0,0,0,18.8,14.2,2.6,,,,,,,,,,,,,,,
Data provided (but missing clear dispositions),CA03404,SACRAMENTOCITY,"Sacramento PD, California",,,,,,,,,,,,,,,,,,,,,,,,,,,,,,,,,,,,,,,,,,,,78,105,88,0,2,3,22,51,38,0,1.9,3.3,28.2,48.6,43.2,,,,,,,,,,,,,,,
Data provided (but missing clear dispositions),CA03700,SANDIEGOCOUNTY,"San Diego County Sheriff's Office, California",,,,,,,,,,,,,,,,,,,,,,,,,,,,,,,,,,,,,,,,,,,,78,110,115,10,12,1,27,43,53,11.4,9.8,0.9,34.6,39.1,46.1,,,,,,,,,,,,,,,
Data provided (appears complete),CA03711,SANDIEGOCITY,"San Diego PD, California",,Activity Number,Reporting Year,,,4,Crime Index Description,['RAPE'],activityStatus,['CLEARED - UNFOUNDED'],activityStatus,"['CLEARED - ARREST ADULT', 'CLEARED - ARREST JUVENILE']",activityStatus,"['CLEARED - EXCEPTIONALLY ADULT', 'CLEARED - EXCEPTIONALLY JUVENILE']",Actual Number Reported,Actual Number Reported,Actual Number Reported,Actual Number Reported,,statusDateChanged,statusDateChanged,statusDateChanged,381,561,578,18,43,36,45,75,51,87,99,103,4.5,7.1,5.9,11.8,13.4,8.8,22.8,17.6,17.8,371,566,572,16,30,31,140,169,139,4.1,5,5.1,37.7,29.9,24.3,,,,,,,,,,,,,,,
Data not provided (not explicitly denied),CA03801,SAN FRANCISCO,"San Francisco PD, California",,,,,,,,,,,,,,,,,,,,,,,,,,,,,,,,,,,,,,,,,,,,355,344,342,0,0,0,109,129,334,0,0,0,30.7,37.5,97.7,,,,,,,,,,,,,,,
Data not provided (denied),CA03905,STOCKTON,"Stockton PD, California",,,,,,,,,,,,,,,,,,,,,,,,,,,,,,,,,,,,,,,,,,,,134,135,128,0,0,0,18,24,20,0,0,0,13.4,17.8,15.6,,,,,,,,,,,,,,,
Data provided (appears complete),CA04313,SANJOSE,"San Jose PD, California",,INCIDENT NO.,RPT DATE,RPT DATE,,0,INCIDENT TYPE DESCRIPTION,"['220PC RAPE ASLT TO COMMIT/ATT', '261 PC RAPE', '262(A)(1) PC RAPE SPOUSE', 'DOMESTIC - 261 PC RAPE', 'DOMESTIC-220 PC ASLTTOCMMT/ATT', '286 SODOMY', '288A(A) PC ORAL COPULATION', '289PC FOREIGN OBJ PENETRATION']",OPERATIONAL CODE DESCRIPTION,['UNFOUNDED'],CLEARANCE,['C'],CLEARANCE,['O'],,,,,OPERATIONAL CODE DESCRIPTION,ARREST DATE,,statusDateChanged,332,381,459,9,5,12,46,58,52,2,4,8,2.6,1.3,2.5,13.9,15.2,11.3,0.6,1,1.7,306,375,451,1,3,9,42,54,54,0.3,0.8,2,13.7,14.4,12,,,,,,,,,,,,,,,
Data provided (appears complete),CO00101,AURORA,"Aurora PD, Colorado",,Case #,YEAR,Incident Reported,,2,Crime Type,"['SEX ASSAULT CHILD STRONGARM', 'SEX ASSAULT SODOMY WOMAN STG', 'SEX ASSAULT SODOMY MAN STRGARM', 'SEX ASSAULT ADULT STRONGARM', 'SEX ASSAULT OBJECT/FREE TEXT', 'SEX ASSAULT SODOMY GIRL STGARM', 'SEX ASSAULT ADULT WEAPON', 'SEX ASSAULT SODOMY BOY STRGARM', 'SEX ASSAULT SODOMY WOMAN WEAP', 'SEX ASSAULT ADULT GUN', 'SEX ASSAULT CHILD WEAPON', 'SEX ASSAULT SODOMY MAN WEAPON', 'SEX ASSAULT SODOMY GIRL WEAPON', 'SEX ASSAULT CHILD GUN', 'SEX ASSAULT SODOMY BOY GUN', 'SEX ASSAULT SODOMY WOMAN GUN']",Exceptional Type,['UNFOUNDED'],Type of Clearance,['CLEARED BY ARREST'],Type of Clearance,['EXCEPTIONALLY CLEARED'],,,,,Exceptional Type,,,dispo_date,255,321,334,45,36,39,40,20,20,55,67,59,15,10.1,10.5,15.7,6.2,6,21.6,20.9,17.7,273,357,308,0,0,0,107,93,72,0,0,0,39.2,26.1,23.4,262,337,277,44,21,21,58,66,50,16.8,6.2,7.6,22.1,19.6,18.1
Data provided (appears complete),CO02101,COLORADOSPRINGS,"Colorado Springs PD, Colorado","['LastName', 'FirstName', 'DateOfBirth']",CaseNumber,ReportedDate,ReportedDate,,0,CrimeCode,"['11A', '11B', '11C']",Disposition,['Unfounded'],Disposition,['Cleared by Arrest'],Disposition,['Exceptional Clearance'],,,,,Exceptional Clearance,DispositionDate,DispositionDate,DispositionDate,350,314,382,67,142,119,87,80,112,23,28,29,16.1,31.1,23.8,24.9,25.5,29.3,6.6,8.9,7.6,400,341,446,0,0,0,58,76,100,0,0,0,14.5,22.3,22.4,380,334,428,44,53,69,8,20,20,11.6,15.9,16.1,2.1,6,4.7
Data provided (appears complete),CODPD00,DENVER,"Denver PD, Colorado",,Case ID,Reported Date,Reported Date,,0,IBR Code,"['11A', '11B', '11C']",Unfounded,['Yes'],Clearance Status,['C'],Clearance Status,['O'],Victim Count,Victim Count,Victim Count,Victim Count,Case Status,Arrest Date,Clearance Date,Clearance Date,439,587,625,15,23,15,108,135,142,135,171,168,3.3,3.8,2.3,24.6,23,22.7,30.8,29.1,26.9,471,568,586,0,0,0,253,286,279,0,0,0,53.7,50.4,47.6,450,556,554,104,116,130,116,142,120,23.1,20.9,23.5,25.8,25.5,21.7
Data provided (excluded from analysis due to data issue),CTCSP00,CONNECTICUTSTATEPOLICE,"Connecticut State Police, Connecticut",,,,,,,,,,,,,,,,,,,,,,,,,,,,,,,,,,,,,,,,,,,,85,59,59,0,0,0,27,21,18,0,0,0,31.8,35.6,30.5,80,57,57,19,16,13,3,3,5,23.8,28.1,22.8,3.8,5.3,8.8
Data not provided (not explicitly denied),DCMPD00,WASHINGTON,"Washington Metropolitan PD, DC",,,,,,,,,,,,,,,,,,,,,,,,,,,,,,,,,,,,,,,,,,,,470,494,527,7,2,2,264,343,351,1.5,0.4,0.4,56.2,69.4,66.6,,,,,,,,,,,,,,,
Data not provided (denied),DE00203,NEWCASTLE,"New Castle County PD, Delaware",,,,,,,,,,,,,,,,,,,,,,,,,,,,,,,,,,,,,,,,,,,,73,76,46,0,0,0,54,54,52,0,0,0,74,71.1,113,73,74,44,26,18,17,28,34,29,35.6,24.3,38.6,38.4,45.9,65.9
Data provided (but missing unfounded cases),FL01100,COLLIER,"Collier County Sheriff's Office, Florida",,IncNo,YEAR,rpt_date,,2,Ucr1,['110A'],ClrCode1,,ClrCode1,[1],ClrCode1,[2],OffNum,ClrArr,ClrExc,,,,,,82,100,65,,,,24,28,13,3,4,1,,,,29.3,28,20,3.7,4,1.5,82,100,65,0,0,0,33,33,23,0,0,0,40.2,33,35.4,,,,,,,,,,,,,,,
Data provided (appears complete),FL01300,MIAMIDADE,"Miami-Dade County PD, Florida",,Case Number,Reported Date,Reported Date,,0,UCR Code Description,['RAPE'],Clearance Type Description,['UNFOUNDED'],Clearance Type Description,['CLEAR BY ARREST'],Clearance Type Description,['CLEAR BY EXCEPTION'],,,,,,Clear Date,Clear Date,Clear Date,406,381,376,74,84,70,116,116,100,166,142,130,15.4,18.1,15.7,28.6,30.4,26.6,40.9,37.3,34.6,421,379,409,0,0,0,261,246,225,0,0,0,62,64.9,55,,,,,,,,,,,,,,,
Data provided (appears complete),FL01306,MIAMI,"Miami PD, Florida",,Case Number,Reported Date,Reported Date,,0,UCR Cat,"['02A', '02B']",Disposition Code,['UNF'],Disposition Code,"['AA', 'AJ']",Disposition Code,"['EXA', 'EXJ']",Counts,Counts,Counts,Counts,,Disposition Date,Disposition Date,Disposition Date,114,88,95,1,0,0,48,26,24,21,9,4,0.9,,,42.1,29.5,25.3,18.4,10.2,4.2,110,80,90,0,0,0,76,42,35,0,0,0,69.1,52.5,38.9,,,,,,,,,,,,,,,
Data not provided (denied),FL01602,JACKSONVILLE,"Jacksonville Sheriff's Office, Florida",,,,,,,,,,,,,,,,,,,,,,,,,,,,,,,,,,,,,,,,,,,,479,471,517,0,0,0,277,305,248,0,0,0,57.8,64.8,48,,,,,,,,,,,,,,,
Data provided (appears complete),FL02900,HILLSBOROUGH,"Hillsborough County Sheriff's Office, Florida",,Case_No,Report Dt,Report Dt,,0,UCR Summary,['02 Rape'],,,clearance_status_desc,"['Adult Arrest', 'Juvenile Arrest']",clearance_status_desc,"['Cleared Exceptionally-Adult', 'Cleared Exceptionally-Juvenile']",offense_count,arrest clear cnt,except clear cnt,offense_count,,clearance_date,clearance_date,clearance_date,147,193,173,,,,37,33,21,69,80,71,,,,25.2,17.1,12.1,46.9,41.5,41,154,194,173,0,0,0,125,134,113,0,0,0,81.2,69.1,65.3,,,,,,,,,,,,,,,
Data provided (appears complete),FL02902,TAMPA,"Tampa PD, Florida",,case_file_number,report_date,report_date,,0,offense_1,['110A'],coding_status,['U'],coding_status,"['J', 'L']",coding_status,['X'],,,,,ibr_clearance,,,,61,78,97,0,0,1,23,27,22,22,23,37,,,1,37.7,34.6,22.7,36.1,29.5,38.1,62,77,80,0,0,0,46,56,63,0,0,0,74.2,72.7,78.8,,,,,,,,,,,,,,,
Data provided (appears complete),FL03600,LEE,"Lee County Sheriff's Office, Florida",,number,dtrepor,dtrepor,,0,UCR OFFENSE,['Forcible Rape'],dispos,['UNF'],dispos,"['CJA', 'CAA']",dispos,"['ECV', 'ECP', 'EJP', 'EJV']",,,,,,dispdat,dispdat,dispdat,94,158,175,13,16,15,23,25,44,15,23,30,12.1,9.2,7.9,24.5,15.8,25.1,16,14.6,17.1,111,154,175,0,0,0,48,42,65,0,0,0,43.2,27.3,37.1,,,,,,,,,,,,,,,
Data provided (appears complete),FL04800,ORANGE,"Orange County Sheriff's Office, Florida",,report_no,reported_date,reported_date,,0,class,"['2AA', '2AB', '2AC', '2AD', '2BA', '2BB', '2BC', '2BD', '2CD']",final_status,['UNFD'],final_status,"['ARRA', 'ARRJ']",final_status,"['EXCA', 'EXCJ']",,,,,,,final_status_date,final_status_date,488,492,481,28,22,20,137,126,127,179,209,185,5.4,4.3,4,28.1,25.6,26.4,36.7,42.5,38.5,517,520,498,0,0,0,306,283,356,0,0,0,59.2,54.4,71.5,,,,,,,,,,,,,,,
Data not provided (denied),FL05000,PALMBEACHCOUNTY,"Palm Beach County Sheriff's Office, Florida",,,,,,,,,,,,,,,,,,,,,,,,,,,,,,,,,,,,,,,,,,,,214,231,216,0,0,0,77,69,69,0,0,0,36,29.9,31.9,,,,,,,,,,,,,,,
Data provided (but missing unfounded cases),FL05100,PASCO,"Pasco County Sheriff's Office, Florida",,inci_id,YEAR,date_rept,,2,ucr_code,['0200'],dispostn,,dispostn,['6'],dispostn,['8'],,,,,,datedispos,datedispos,datedispos,107,112,141,,,,41,34,54,34,43,46,,,,38.3,30.4,38.3,31.8,38.4,32.6,124,123,165,0,0,0,77,79,100,0,0,0,62.1,64.2,60.6,,,,,,,,,,,,,,,
Data not provided (denied),FL05300,POLK,Polk County Sheriff's office),,,,,,,,,,,,,,,,,,,,,,,,,,,,,,,,,,,,,,,,,,,,70,85,139,0,0,0,44,50,71,0,0,0,62.9,58.8,51.1,,,,,,,,,,,,,,,
Data provided (appears complete),GA03302,COBB,"Cobb County PD, Georgia",,INCIDENT,OFFENSE DATE,OFFENSE DATE,,0,OFFENSE,"['RAPE', 'RAPE - GUN', 'RAPE - STRONG ARM', 'RAPE - WITH WEAPON (IDENTIFY WEAPON)', 'RAPE-DISABLE', 'RAPE-DRUG INDUCED', 'RAPE-ELDERLY', 'RAPE-USE MIS FIELD TO FURTHER DESCRIBE', 'SEXUAL ASSAULT-SODOMY-GIRL-STRONGARM']",STATUS,[7],STATUS,[5],STATUS,[6],,,,,STATUS DATE,STATUS DATE,STATUS DATE,STATUS DATE,70,111,91,2,4,4,14,23,29,25,49,29,2.8,3.5,4.2,20,20.7,31.9,35.7,44.1,31.9,63,107,88,2,4,4,35,60,58,3.1,3.6,4.3,55.6,56.1,65.9,,,,,,,,,,,,,,,
Data not provided (not explicitly denied),GA04402,DEKALB,"Dekalb County PD, Georgia",,,,,,,,,,,,,,,,,,,,,,,,,,,,,,,,,,,,,,,,,,,,153,146,142,1,1,2,2,2,0,0.6,0.7,1.4,1.3,1.4,0,,,,,,,,,,,,,,,
Data provided (but missing clear dispositions),GA06702,GWINNETT,"Gwinnet County PD, Georgia",,,,,,,,,,,,,,,,,,,,,,,,,,,,,,,,,,,,,,,,,,,,146,117,159,0,0,0,5,5,5,0,0,0,3.4,4.3,3.1,,,,,,,,,,,,,,,
Data provided (appears complete),GAAPD00,ATLANTA,"Atlanta PD, Georgia",['location'],offense_id,rpt_date,rpt_date,,0,ucr,"['210', '220']",dispo_code,['70'],dispo_code,"['10', '30']",dispo_code,"['20', '40']",,,,,except_code,dispo_date,dispo_date,dispo_date,139,175,148,31,36,23,48,59,36,34,41,25,18.2,17.1,13.5,34.5,33.7,24.3,24.5,23.4,16.9,151,170,136,25,22,18,75,85,51,14.2,11.5,11.7,49.7,50,37.5,,,,,,,,,,,,,,,
Data provided (appears complete),HI00200,HONOLULU,"Honolulu City and County PD, Hawaii",,Report Number,YEAR,,,2,Offense,"['FORCIBLE RAPE - RAPE BY FORCE', 'FORCIBLE RAPE - ATTEMPTS TO COMMIT FORCIBLE RAPE', '11A', '11B', '11C']",Disposition,['UNFOUNDED'],Disposition,"['ADULT ARRESTED/CHARGED', 'ADULT ARRESTED/NOT CHARGED/TURNED OVER TO PROSECUTORS', 'JUVENILE ARRESTED/CHARGED', 'JUVENILE ARRESTED/NOT CHARGED/TURNED OVER TO PROSECUTORS', 'ARREST']",Disposition,"['EXCEPTIONAL MEANS ADULT', 'EXCEPTIONAL MEANS JUVENILE', 'ADMIN CLOSING ADULT', 'ADMIN CLOSING JUVENILE', 'ADULT NOT ARRESTED/CASE TURNED OVER TO PROSECUTORS', 'COMPLAINT DECLINED ADULT', 'COMPLAINT DECLINED JUVENILE', 'COMPLAINT WITHDRAWN ADULT', 'COMPLAINT WITHDRAWN JUVENILE', 'PROSECUTORS/VICTIM WITNESS KOKUA', 'B', 'D']",,,,,Disposition,Disposition Date,Disposition Date,Disposition Date,327,318,379,24,22,5,79,52,42,98,101,92,6.8,6.5,1.3,24.2,16.4,11.1,30,31.8,24.3,80,318,364,10,17,8,30,117,162,11.1,5.1,2.2,37.5,36.8,44.5,,,,,,,,,,,,,,,
Data provided (appears complete),ILCPD00,CHICAGO,"Chicago PD, Illinois",,RD Number ,Date Occurred,,,5,Primary Description ,['CRIM SEXUAL ASSAULT'],Status,['2-UNFOUNDED'],Status,['3-CLEARED CLOSED'],Status,['5-EX CLEARED CLOSED'],,,,,,,,,1331,1369,1510,172,98,68,175,148,116,265,240,179,11.4,6.7,4.3,13.1,10.8,7.7,19.9,17.5,11.9,1388,1482,1662,0,0,0,0,0,0,0,0,0,0,0,0,,,,,,,,,,,,,,,
Data provided (appears complete),INIPD00,INDIANAPOLIS,"Indianapolis PD, Indiana",,CASE ID,YEAR,,,2,UCR DESCR,"['RAPE', 'RAPE-ATTEMPT', 'UNFOUNDED: 120- RAPE']",UCR CODE,['UNF'],CLEARANCE STATUS,"['Cleared by Adult Arrest', 'Cleared by Juv Arrest']",CLEARANCE STATUS,"['Exeptionally Cleared- Adult', 'Exeptionally Cleared- Juv']",,,,,,CLEARED DATE,CLEARED DATE,CLEARED DATE,566,667,689,27,32,29,118,199,306,88,89,45,4.6,4.6,4,20.8,29.8,44.4,15.5,13.3,6.5,573,677,684,2,6,9,251,257,335,0.3,0.9,1.3,43.8,38,49,,,,,,,,,,,,,,,
Data provided (appears complete),KS08703,WICHITA,"Wichita PD, Kansas",,Case Number,YEAR,Report Date,,2,Offense Code,"['0210', '0212', '0215']",Clearance Status Desc,"['UNFOUND & RECLASS - LACK OF CRIMINAL ELEMENTS', 'UNFOUND & RECLASS - ORIGINAL CLASS WRONG', 'UNFOUND & RECLASS - INVEST REVEAL WRONG ORIG CLASS']",Clearance Status Desc,"['CLEAR - JUV PET DRAWN/SUSP IN CUSTODY', 'CLEAR - MISD WRNT DRAWN/SUSP IN CUSTODY', 'CLEARED - FEL WRNT DRAWN/SUSP IN CUSTODY']",Clearance Status Desc,"['CLEAR LOP - DA DEN PROS DUE TO LACK OF EVID', 'CLEAR LOP - JUV CT DEN PROS/LACK OF EVIDENCE', 'CLEAR LOP - MUN CT DEN PROS/LACK OF EVIDENCE', 'CLEAR LOP - NO PROS/REFERRED TO OTHER AGENCY', 'CLEAR LOP - VICTIM REFUSED TO COOPERATE']",,,,,Clearance Status Desc,,,,274,339,347,4,8,5,39,45,23,181,205,217,1.4,2.3,1.4,14.2,13.3,6.6,66.1,60.5,62.5,243,360,327,0,0,0,175,227,212,0,0,0,72,63.1,64.8,241,350,305,44,60,31,130,161,178,18.3,17.1,10.2,53.9,46,58.4
Data provided (appears complete),KY03402,LEXINGTON,"Lexington Division of Police, Kentucky",,CASE #,DATE OCCURRED,DATE OCCURRED,,0,STATUTE DESCRIPTION,"['RAPE 1ST DEGREE', 'RAPE 1ST- VICTIM UNDER 12 YEARS OF AGE', 'RAPE 1ST-INCAPABLE OF CONSENT/PHYSICALLY HELPLESS', 'RAPE-2ND/MENTALLY INCAPACITATED BY INTOX SUBSTANCE', 'RAPE 3RD DEGREE', 'RAPE 1ST DEGREE - DOMESTIC VIOLENCE', 'RAPE-2ND DEGREE-NO FORCE', 'RAPE 1ST-INCAP CONSENT/PHY HELPLESS W/SER PHY INJ', 'RAPE 1ST DEGREE DV W/ SERIOUS PHYSICAL INJURY']",CURRENT DISPOSITION,['Unfounded'],CURRENT DISPOSITION,['Cleared by Arrest'],CURRENT DISPOSITION,['Cleared by Exception'],,,,,,,,,115,123,155,15,31,40,29,25,30,13,14,12,11.5,20.1,20.5,25.2,20.3,19.4,11.3,11.4,7.7,142,171,204,0,0,0,50,53,75,0,0,0,35.2,31,36.8,140,170,,37,22,,10,29,,26.4,12.9,,7.1,17.1,
Data provided (appears complete),KY05680,LOUISVILLE,"Louisville Metro PD, Kentucky",,CASE NUMBER,DATE REPT,DATE REPT,,0,UCR CATEGORY,['FORCIBLE RAPE'],DISPOSITION,['UNFOUNDED'],DISPOSITION,"['CLEARED BY ARREST', 'CLEARED BY ARREST BY ANOTHER AGENCY']",DISPOSITION,"['EXC - DEATH OF OFFENDER', 'EXC - EXTRADITION DECLINED', 'EXC - JUVENILE/NO CUSTODY', 'EXC - PROSECUTION DECLINED', 'EXC - VICTIM REFUSED TO COOPERATE']",,,,,,DISPOSITION DATE,DISPOSITION DATE,DISPOSITION DATE,265,250,220,16,14,9,52,41,47,155,126,92,5.7,5.3,3.9,19.6,16.4,21.4,58.5,50.4,41.8,194,221,205,9,0,0,175,147,134,4.4,0,0,90.2,66.5,65.4,114,220,,12,31,,36,92,,10.5,14.1,,31.6,41.8,
Data not provided (denied),LA02600,JEFFERSON,"Jefferson Parish Sheriff's Office, Louisiana",,,,,,,,,,,,,,,,,,,,,,,,,,,,,,,,,,,,,,,,,,,,84,79,66,0,11,1,12,44,24,0,12.2,1.5,14.3,55.7,36.4,,,,,,,,,,,,,,,
Data provided (appears complete),LANPD00,NEWORLEANS,"New Orleans PD, Louisiana",,ITEM,YEAR,,,2,U.C.R. CODE,"['20', '21', '22']",STATUS,['UNFOUNDED'],STATUS,"['CLEARD BY ARREST', 'CLEARED BY ARREST', 'CLEARED BY ARREST < 18', 'CLEARED BY WARRANT', 'CBA UNDER 18', 'WARRANT ISSUED']",STATUS,['CLEARED BY EXCEPTION'],MFCOUNTER,MFCOUNTER,MFCOUNTER,MFCOUNTER,,,,,247,407,547,0,57,80,60,63,92,1,1,4,,12.3,12.8,24.3,15.5,16.8,0.4,0.2,0.7,244,409,537,44,81,102,61,70,86,15.3,16.5,16,25,17.1,16,,,,,,,,,,,,,,,
Data provided (but missing unfounded cases),MA01301,BOSTON,"Boston PD, Massachusetts",,COMPNOS,FROMDATE,,,5,UCR CRIME CODE DESCRIP.,"['RAPE - FEMALE - FORCE', 'RAPE - MALE - FORCE', 'RAPE - FEMALE/MALE - FORCE - UNNATURAL ACT', 'RAPE - FEMALE - ATTEMPT FORCE', 'RAPE - FEMALE/MALE - ATTEMPT FORCE - UNNATURAL ACT', 'RAPE - FEMALE - FORCE - UNDER 16', 'RAPE - FEMALE - DRUGGING', 'RAPE - ATTEMPT - FORCIBLE', 'RAPE - ATTEMPT - SODOMY', 'RAPE - ATTEMPT - SEXUAL ASSAULT W/ OBJECT', 'RAPE - COMPLETE - FORCIBLE', 'RAPE - COMPLETE - SODOMY', 'RAPE - COMPLETE - SEXUAL ASSAULT W/ OBJECT', 'RAPE - ATTEMPT - OTHER', 'RAPE - COMPLETE - OTHER']",,,CLEARANCE STATUS,"['Cleared By Arrest', 'Juvenile-Cleared By Arrest', 'ADULT ARREST', 'JUVENILE/CUSTODY']",CLEARANCE STATUS,"['Exceptionally Cleared', 'Juvenile-Exceptionally Cleared', 'EXCEPTION - VICTIM REFUSED TO COOPERATE', 'EXCEPTION - PROSECUTION DECLINED', 'EXCEPTION - DEATH OF OFFENDER']",,,,,,,,,246,222,264,,,,57,44,56,51,30,37,,,,23.2,19.8,21.2,20.7,13.5,14,280,240,278,20,7,6,150,65,98,6.7,2.8,2.1,53.6,27.1,35.3,,,,,,,,,,,,,,,
Data provided (appears complete),MD00202,ANNEARUNDEL,"Anne Arundel County PD, Maryland",,Report_No,YEAR,Reported_Date,,2,Statistic_Class,"['0241', '0281', '0244', '0214', '0231', '0221', '0224']",Final_Status,['UNFD'],Final_Status,['CLOS'],Final_Status,"['EXCA', 'EXCJ']",,,,,,,,,93,116,143,8,10,7,19,22,26,17,18,22,7.9,7.9,4.7,20.4,19,18.2,18.3,15.5,15.4,89,112,143,10,8,9,37,43,43,10.1,6.7,5.9,41.6,38.4,30.1,,,,,,,,,,,,,,,
Data provided (appears complete),MD00301,BALTIMORECOUNTY,"Baltimore County PD, Maryland",,INCIDENT_NUMBER,DATE_REPORTED,DATE_REPORTED,,0,UCR_FLAG,['RAPE'],DISPOSITION_LITERAL,['Unfounded'],DISPOSITION_LITERAL,"['Arrest Adult', 'Arrest Juvenile']",DISPOSITION_LITERAL,"['Exceptionally Cleared Adult', 'Exceptionally Cleared Juvenile', 'Other Exceptionally Cleared']",WEIGHT,WEIGHT,WEIGHT,WEIGHT,,FIRST_ARREST,,,96,325,316,45,68,65,32,108,90,47,144,124,31.9,17.3,17.1,33.3,33.2,28.5,49,44.3,39.2,93,196,318,43,48,65,84,156,224,31.6,19.7,17,90.3,79.6,70.4,,,,,,,,,,,,,,,
Data provided (appears complete),MD01401,HOWARD,"Howard County PD, Maryland",,IncidentNumber,IncYear,IncidentDate,,4,UCR_Classification,['FORCIBLE RAPE'],Disposition,['UNFOUNDED'],Disposition,"['CLEARED BY ADULT ARREST', 'CLEARED BY JUVENILE ARREST']",Disposition,"['EXCEPTIONALLY CLEARED', 'VICTIM REFUSES TO COOPERATE/PROSECUTE', 'PROSECUTION DECLINED', 'DEATH OF OFFENDER']",,,,,Disposition,DispoDate,DispoDate,DispoDate,33,62,66,0,2,5,3,8,10,4,12,17,,3.1,7,9.1,12.9,15.2,12.1,19.4,25.8,40,69,66,0,1,4,14,19,24,0,1.4,5.7,35,27.5,36.4,,,,,,,,,,,,,,,
Data provided (appears complete),MD01604,MONTGOMERY,"Montgomery County PD, Maryland","['ADDRESS_STREET', 'STREET_PREFIX_DIR', 'STREET_SUFFIX_DIR', 'STREET_TYPE']",INCIDENT_ID,REPORT_DATE_MF,REPORT_DATE_MF,,0,MF_combined_crime_code,"['0211', '0212', '11A', '11B', '11C']",CASE_STATUS_DESC,['Unfounded'],CASE_STATUS_DESC,"['Cleared by adult arrest', 'Cleared by juvenile arrest']",CASE_STATUS_DESC,"['Exception - Victim Declined to Cooperate', 'Exception - Prosecution Declined', 'Exception - Death Of Offender', 'Exception - Extradition Denied']",VICTIMS,VICTIMS,VICTIMS,VICTIMS,CASE_STATUS_DESC,,,,87,237,331,23,48,76,29,74,72,40,132,202,20.9,16.8,18.7,33.3,31.2,21.8,46,55.7,61,119,269,332,28,64,77,89,229,266,19,19.2,18.8,74.8,85.1,80.1,,,,,,,,,,,,,,,
Data provided (appears complete),MDBPD00,BALTIMORE,"Baltimore PD, Maryland",,Incident Number,ReportedDateMF,ReportedDateMF,,0,Incident Offense,"['2A - Rape (Force)', '2B - Rape (Attempt)']",UCR Clearance Disposition,"[""CLEARED because it's UNFOUNDED""]",UCR Clearance Disposition,"['CLEARED by ARREST (Adult)', 'CLEARED by ARREST (Juvenile)']",UCR Clearance Disposition,['CLEARED by EXCEPTION'],,,,,,UCR Disposition Date MF,UCR Disposition Date MF,UCR Disposition Date MF,248,278,283,1,1,5,31,29,71,5,5,37,0.4,0.4,1.7,12.5,10.4,25.1,2,1.8,13.1,245,287,299,0,0,9,26,24,107,0,0,2.9,10.6,8.4,35.8,,,,,,,,,,,,,,,
"Data not provided (expected, not received by deadline)",MI82349,DETROIT,"Detroit PD, Michigan",,,,,,,,,,,,,,,,,,,,,,,,,,,,,,,,,,,,,,,,,,,,557,527,594,0,0,0,69,73,68,0,0,0,12.4,13.9,11.4,533,518,564,63,71,67,0,0,0,11.8,13.7,11.9,0,0,0
Data not provided (not explicitly denied),MN02711,MINNEAPOLIS,"Minneapolis PD, Minnesota",,,,,,,,,,,,,,,,,,,,,,,,,,,,,,,,,,,,,,,,,,,,389,407,455,23,35,16,124,128,102,5.6,7.9,3.4,31.9,31.4,22.4,,,,,,,,,,,,,,,
Data not provided (denied),MN06209,ST. PAUL,"St Paul PD, Minnesota",,,,,,,,,,,,,,,,,,,,,,,,,,,,,,,,,,,,,,,,,,,,181,204,184,0,4,0,31,25,30,0,1.9,0,17.1,12.3,16.3,,,,,,,,,,,,,,,
Data provided (appears complete),MO09500,STLOUISCOUNTY,"St. Louis County PD, Missouri",,Incident Number,Complaint Year,,,6,Crime Type,"['RAPE, ASSAULT WITH AN OBJECT (AFTER 12-31-2012)', 'RAPE, BY FORCE (AFTER 12-31-2012)', 'RAPE, SODOMY (AFTER 12-31-2012)']",UpdatedOffenseStatus,['UNFOUNDED'],UpdatedOffenseStatus,['CLEARED BY ARREST'],UpdatedOffenseStatus,['EXCEPTIONALLY CLEARED'],,,,,,,,,171,200,177,22,16,28,103,108,86,25,45,34,11.4,7.4,13.7,60.2,54,48.6,14.6,22.5,19.2,137,175,195,12,15,26,105,108,138,8.1,7.9,11.8,76.6,61.7,70.8,,,,,,,,,,,,,,,
Data provided (appears complete),MOKPD00,KANSASCITY,"Kansas City PD, Missouri",,CRN,YEAR,Reported Date / Time,,2,Offense Description,"['Rape', 'Sexual Assault with an Object', 'Forcible Sodomy']",Case Disposition,['UNFOUNDED'],MFHasArrestDate,[1],MFExcept,[1],,,,,Exception,Arrest Date,Disposition Date,Disposition Date,406,397,438,41,19,18,38,49,70,78,63,85,9.2,4.6,3.9,9.4,12.3,16,19.2,15.9,19.4,412,383,424,0,0,0,88,72,57,0,0,0,21.4,18.8,13.4,388,370,390,29,44,41,55,23,9,7.5,11.9,10.5,14.2,6.2,2.3
Data provided (appears complete),MOSPD00,STLOUISCITY,"St. Louis City Police, Missouri","['ILEADS-Address', 'ILEADS-Street']",ComplaintNo,YEAR,,,2,Description,"['RAPE -- FORCIBLE', 'RAPE-ATTEMPT FORCIBLE RAPE/FORCIBLE INCEST']",Unfounded Crime Indicator,['Y'],Cleanup_Type_Description,"['Adult Arrest', 'Adult Arrest & Juvenile Apprehension', 'Juvenile Apprehension']",Cleanup_Type_Description,['Exceptional Clearance'],,,,,,CleanupDate,CleanupDate,CleanupDate,291,272,289,8,10,4,160,130,112,6,8,3,2.7,3.5,1.4,55,47.8,38.8,2.1,2.9,1,279,263,289,8,10,3,178,143,137,2.8,3.7,1,63.8,54.4,47.4,,,,,,,,,,,,,,,
Data provided (appears complete),NB02802,OMAHA,"Omaha PD, Nebraska",,IncidentNumber,DateReported,DateReported,,0,CrimeType,['Sexual Assault'],Unfounded,[1],Type of Clearance,"['Booked Adult', 'Booked Juvenile']",Type of Clearance,"['Another Jurisdiction, Will not release to OPD', 'Death of Suspect', 'Prosecution Denied by Prosecutor', 'Victim refuses to cooperate']",,,,,,,,UnfoundedDate,,195,603,,10,18,,58,176,,58,206,,4.9,2.9,,29.7,29.2,,29.7,34.2,180,174,245,10,13,10,91,102,166,5.3,7,3.9,50.6,58.6,67.8,,,,,,,,,,,,,,,
Data provided (appears complete),NC06001,CHARLOTTEMECKLENBURG,"Charlotte-Mecklenburg PD, North Carolina","['Block_No', 'Direction', 'Street_Name', 'Street_Type', 'Suffix', 'Apt_No', 'X_Coordinate', 'Y_Coordinate']",Complaint_No,YEAR,Reported_Date,,2,NIBRS_Hi_Class,"['Forcible Rape', 'Forcible Sodomy', 'Sexual Assault With Object']",Clearance_Status,"['Unfounded', 'Unfounded - Unfounded-Referred to Other Agency']",Clearance_Status,"['Normal Clearance - Cleared by Arrest', 'Normal Clearance - Cleared by Arrest by Another Agency']",Clearance_Status,"['Exceptionally Cleared - By Death of Offender', 'Exceptionally Cleared - Cleared by Other Means', 'Exceptionally Cleared - Prosecution Declined by DA', 'Exceptionally Cleared - Victim Chose not to Prosecute']",,,,,Clearance_Status,,,,1100,270,270,160,47,41,197,56,38,191,56,50,12.7,14.8,13.2,17.9,20.7,14.1,17.4,20.7,18.5,210,216,219,31,30,26,68,73,81,12.9,12.2,10.6,32.4,33.8,37,,,,,,,,,,,,,,,
Data not provided (denied),NM00101,ALBUQUERQUE,"Albuquerque PD, New Mexico",,,,,,,,,,,,,,,,,,,,,,,,,,,,,,,,,,,,,,,,,,,,402,404,381,51,40,40,142,123,131,11.3,9,9.5,35.3,30.4,34.4,,,,,,,,,,,,,,,
Data not provided (denied),NV00201,LASVEGAS,"Las Vegas Metro PD, Nevada",,,,,,,,,,,,,,,,,,,,,,,,,,,,,,,,,,,,,,,,,,,,780,1107,1200,15,57,46,156,136,122,1.9,4.9,3.7,20,12.3,10.2,,,,,,,,,,,,,,,
Data not provided (not explicitly denied),NY02900,NASSAU,"Nassau County PD, New York",,,,,,,,,,,,,,,,,,,,,,,,,,,,,,,,,,,,,,,,,,,,103,68,48,0,0,0,35,32,12,0,0,0,34,47.1,25,,,,,,,,,,,,,,,
Data provided (excluded from analysis due to data issue),NY03030,NEWYORK,"New York City PD, New York",,,,,,,,,,,,,,,,,,,,,,,,,,,,,,,,,,,,,,,,,,,,2190,2244,2372,555,523,468,1124,1093,1073,20.2,18.9,16.5,51.3,48.7,45.2,,,,,,,,,,,,,,,
Data provided (but missing unfounded cases),NY05101,SUFFOLK,"Suffolk County PD, New York",,CC Number,Year,,,4,Description,"['AGG SEX ABUSE', 'AGG SEX ABUSE 2', 'AGG SEX ABUSE-4: INS', 'COURSE SEX CONDUCT 1', 'COURSE SEX CONDUCT 2', 'COURSE SEX CONDUCT-C', 'CRIMINAL SEXUAL ACT-', 'CRIMINAL SEXUAL ACT1', 'CRIMINAL SEXUAL ACT3', 'PRED SEX ASSAULT AGA', 'RAPE 1', 'RAPE 2ND', 'RAPE 3', 'RAPE IN THE FIRST', 'RAPE IN THE THIRD', 'RAPE-1', 'RAPE-2:ACTOR 18 OR>', 'SEXUAL MISCONDT']",Sta,,Sta,['CBA'],Sta,['EXC'],,,,,,Status Date,Status Date,Status Date,130,142,113,,,,98,110,92,7,10,8,,,,75.4,77.5,81.4,5.4,7,7.1,111,140,109,2,1,2,91,115,99,1.8,0.7,1.8,82,82.1,90.8,,,,,,,,,,,,,,,
Data not provided (denied),OHCLP00,CLEVELAND,"Cleveland PD, Ohio",,,,,,,,,,,,,,,,,,,,,,,,,,,,,,,,,,,,,,,,,,,,495,376,488,0,0,0,99,64,38,0,0,0,20,17,7.8,487,366,477,85,51,31,12,10,9,17.5,13.9,6.5,2.5,2.7,1.9
Data provided (appears complete),OHCOP00,COLUMBUS,"Columbus PD, Ohio",['subject'],MFcasenumber,MFcasenumber,,,7,MF Contains Rape/Sexual Assault,[1],caseStatus,['6 - Closed - UNF'],caseStatus,['4 - Closed - CBA'],caseStatus,['5 - Closed - EXCL'],,,,,Exceptional Clearance Type,ArrestedOn,dateClosed,dateClosed,617,769,807,105,118,90,101,111,89,15,17,18,14.5,13.3,10,16.4,14.4,11,2.4,2.2,2.2,787,892,913,0,0,0,56,62,61,0,0,0,7.1,7,6.7,757,865,838,50,57,58,1,4,1,6.6,6.6,6.9,0.1,0.5,0.1
Data provided (excluded from analysis due to data issue),OK05506,OKLAHOMACITY,"Oklahoma City PD, Oklahoma",['off_name'],case,MFDATE,MFDATE,,0,cls_desc,"['RAPE FORCE', 'RAPE ATTEMPT', 'RAPE SPOUSE', 'RAPE SPOUSE/F', 'RAPE SPOUSE/A']",MFStatusClearCombine,['UN'],MFStatusClearCombine,"['CA', 'CJ', 'SA', 'SJ']",MFStatusClearCombine,"['DA', 'DC', 'DJ', 'EA', 'VA']",,,,,,,,,401,430,391,8,10,13,37,35,36,99,131,94,2,2.3,3.2,9.2,8.1,9.2,24.7,30.5,24,434,480,445,34,43,37,212,254,237,7.3,8.2,7.7,48.8,52.9,53.3,,,,,,,,,,,,,,,
Data provided (appears complete),OK07205,TULSA,"Tulsa PD, Oklahoma",,INCIDENT_NUM,year,,,4,DESCRIPTION,['RAPE'],INCIDENT_STATUS,['UNFOUNDED'],INCIDENT_STATUS,['CLEARED BY ARREST'],INCIDENT_STATUS,['EXCEPTIONALLY CLEARED'],,,,,,STATUS_DATE,STATUS_DATE,STATUS_DATE,277,356,423,14,23,32,36,42,37,46,80,100,4.8,6.1,7,13,11.8,8.7,16.6,22.5,23.6,313,365,439,22,20,27,98,86,101,6.6,5.2,5.8,31.3,23.6,23,,,,,,,,,,,,,,,
Data provided (but missing unfounded cases),OR02602,PORTLAND,"Portland Police Bureau, Oregon",,incident_number,report_date,report_date,,0,offense,['Rape'],clearance_status,,clearance_status,['CLEARED BY ARREST'],clearance_status,['CLEARED EXCEPTIONALLY'],,,,,exceptional_clearance_status,clearance_date,clearance_date,clearance_date,321,359,396,,,,45,29,25,49,32,28,,,,14,8.1,6.3,15.3,8.9,7.1,262,60,394,2,0,0,20,7,49,0.8,0,0,7.6,11.7,12.4,,,385,,,17,,,26,,,4.4,,,6.8
Data provided (appears complete),PAPEP00,PHILADELPHIA,"Philadelphia PD, Pennsylvania",,dc_number,dispatch_date,dispatch_date,,0,ucr,"['211', '212', '213', '231', '232', '233']",status,,status,['Arrest/Cleared'],status,['Exceptionally Cleared'],,,,,,arrest_date,,,1245,1351,1258,,,,413,421,374,440,489,271,,,,33.2,31.2,29.7,35.3,36.2,21.5,1207,1322,1259,77,87,72,844,912,701,6,6.2,5.4,69.9,69,55.7,,,,,,,,,,,,,,,
Data provided (but missing clear dispositions),PAPPD00,PITTSBURGH,"Pittsburgh PD, Pennsylvania",,INCIDENT_NBR,INCIDENT_NBR,,,7,DESCRIPTION,"['RAPE BY FORCE', 'ASSAULT TO RAPE']",MF_ANY_ARREST_DATE,,MF_ANY_ARREST_DATE,['Arrest'],MF_ANY_ARREST_DATE,,,,,,,ARREST_DATETIME,,,109,103,123,,,,9,14,15,,,,,,,8.3,13.6,12.2,,,,91,82,100,56,42,42,84,84,93,38.1,33.9,29.6,92.3,102.4,93,,,,,,,,,,,,,,,
Data provided (appears complete),SC02300,GREENVILLE,"Greenville County Sheriff's Office, South Carolina",,Inc#,year2,,,4,year2,"[2014, 2015, 2016, 2017]",Status,['UNFOUNDED'],Status,['CLEARED BY ARREST'],Status,"['EX CLEARED (UNDER 18)', 'EX CLEARED (OVER 18)']",Victims,Victims,Victims,Victims,,Status Date,Status Date,Status Date,178,208,184,46,27,36,78,77,83,73,92,74,20.5,11.5,16.4,43.8,37,45.1,41,44.2,40.2,203,179,179,0,0,0,151,138,160,0,0,0,74.4,77.1,89.4,192,173,168,71,54,66,69,65,79,37,31.2,39.3,35.9,37.6,47
Data provided (appears complete),TN01901,NASHVILLE,"Nashville Metro PD, Tennessee","['Location of incident', 'Mapping X co-ordinate', 'Mapping Y co-ordinate']",Incident number,YEAR,Incident Reported,,2,OFFENSE,"['11A', '11B', '11C']",Incident Status Description,['UNFOUNDED'],Incident Status Description,['CLEARED BY ARREST'],Incident Status Description,"['REFUSED TO COOPERATE', 'PROSECUTION DECLINED', 'DEATH OF OFFENDER', 'JUVENILE, NO CUSTODY']",,,,,,,,,365,378,346,10,12,8,14,20,18,131,118,91,2.7,3.1,2.3,3.8,5.3,5.2,35.9,31.2,26.3,491,538,483,0,0,0,80,126,147,0,0,0,16.3,23.4,30.4,483,524,456,33,35,24,44,86,123,6.8,6.7,5.3,9.1,16.4,27
Data provided (appears complete),TNMPD00,MEMPHIS,"Memphis PD, Tennessee","['Location of incident', 'Mapping X co-ordinate', 'Mapping Y co-ordinate']",Incident number,YEAR,Incident Reported,,2,MFRapeCharge,[1],Incident Status Description,['UNFOUNDED'],Incident Status Description,['CLEARED BY ARREST'],Incident Status Description,"['REFUSED TO COOPERATE', 'PROSECUTION DECLINED', 'JUVENILE, NO CUSTODY', 'DEATH OF OFFENDER']",,,,,,,,,347,366,335,9,12,8,14,17,17,124,118,89,2.5,3.2,2.3,4,4.6,5.1,35.7,32.2,26.6,519,539,557,0,0,0,187,174,168,0,0,0,36,32.3,30.2,507,521,525,81,98,80,103,72,95,16,18.8,15.2,20.3,13.8,18.1
Data provided (excluded from analysis due to data issue),TX07102,ELPASO,"El Paso PD, Texas",,inci_id,YEAR,date_rept,,2,ucr_grp,['02'],MFcsstatus_dispostn,"['5', '8']",,,,,,,,,dispostn,csstatusdt,csstatusdt,csstatusdt,337,320,317,8,10,4,,,,,,,2.3,3,1.2,,,,,,,335,322,314,7,11,24,62,83,87,2,3.3,7.1,18.5,25.8,27.7,,,,,,,,,,,,,,,
Data provided (but missing clear dispositions),TX07900,FORTBEND,"Fort Bend County Sheriff's Office, Texas",,,,,,,,,,,,,,,,,,,,,,,,,,,,,,,,,,,,,,,,,,,,91,69,83,25,34,53,42,40,42,21.6,33,39,46.2,58,50.6,,,,,,,,,,,,,,,
"Data not provided (expected, not received by deadline)",TX10100,HARRIS,"Harris County Sheriff's Office, Texas",,,,,,,,,,,,,,,,,,,,,,,,,,,,,,,,,,,,,,,,,,,,433,454,537,9,15,20,43,52,71,2,3.2,3.6,9.9,11.5,13.2,,,,,,,,,,,,,,,
Data not provided (denied),TX17000,MONTGOMERY (County Sheriff's Office),"Montgomery County Sheriff's Office, Texas",,,,,,,,,,,,,,,,,,,,,,,,,,,,,,,,,,,,,,,,,,,,85,207,52,2,5,2,12,64,15,2.3,2.4,3.7,14.1,30.9,28.8,,,,,,,,,,,,,,,
Data provided (appears complete),TX17802,CORPUSCHRISTI,"Corpus Christi PD, Texas",,INCI_ID,YEAR,DATE_REPT,,2,UCR_CODE,['11A'],UNFOUNDED YES/NO,['YES'],CLEARED BY ARRESTS YES/NO,['YES'],TYPE OF CLEARANCE,['CLEAR EXCEPTIONAL'],,,,,CASE STATUS DESCRIPTION,,,,305,347,365,4,2,6,91,81,80,26,26,26,1.3,0.6,1.6,29.8,23.3,21.9,8.5,7.5,7.1,280,282,259,3,3,3,78,71,75,1.1,1.1,1.1,27.9,25.2,29,,,,,,,,,,,,,,,
Data provided (appears complete),TX22001,ARLINGTON,"Arlington PD, Texas",,Case Number,Case Number,,,3,Case Offense Statute UCR Minor Code,['02-Rape'],Case Disposition,['Unfounded'],Case Disposition,"['Arrest - Adult', 'Arrest - Juvenile']",Case Disposition,"['Exception - Adult', 'Exception - Juvenile']",,,,,,Arrest Date And Time,Case Disposition Date And Time,Case Disposition Date And Time,426,476,444,85,69,65,52,60,95,90,73,89,16.6,12.7,12.8,12.2,12.6,21.4,21.1,15.3,20,206,208,307,13,26,26,73,136,77,5.9,11.1,7.8,35.4,65.4,25.1,,,,,,,,,,,,,,,
Data provided (appears complete),TX22012,FORTWORTH,"Fort Worth PD, Texas","['Location', 'Map_Coordinates']",Case_No,YEAR,Reported_Date,,2,Offense,"['11A', '11B', '11C']",Desc_2,['Unfounded (closed)'],Desc_2,"['Cleared arrest - Adult (Closed)', 'Cleared arrest - Juvenile (Closed)']",Desc_2,"['Cleared exception - Adult (closed)', 'Cleared exception - Juvenile (closed)']",,,,,,,,,557,528,539,41,47,50,118,135,122,31,43,19,6.9,8.2,8.5,21.2,25.6,22.6,5.6,8.1,3.5,570,539,531,0,0,0,124,145,138,0,0,0,21.8,26.9,26,553,518,488,108,112,111,10,22,16,19.5,21.6,22.7,1.8,4.2,3.3
Data provided (appears complete),TX22701,AUSTIN,"Austin PD, Texas",,Incident Number,Date,Date,,0,Highest Offense Description,"['AGG FORCED SODOMY', 'AGG FORCED SODOMY OF CHILD', 'AGG RAPE', 'AGG RAPE OF A CHILD', 'AGG SEXUAL ASSAULT CHILD/OBJEC', 'AGG SEXUAL ASSAULT W OBJECT', 'FORCED SODOMY', 'FORCED SODOMY OF CHILD', 'RAPE', 'RAPE OF A CHILD', 'SEXUAL ASSAULT OF CHILD/OBJECT', 'SEXUAL ASSAULT W/ OBJECT']",Unfounded?,['Yes'],Clearance Status,['C'],Clearance Status,['O'],,,,,,Clearance Date,Clearance Date,Clearance Date,752,720,767,76,27,37,158,167,132,227,219,256,9.2,3.6,4.6,21,23.2,17.2,30.2,30.4,33.4,571,487,747,57,15,34,310,259,381,9.1,3,4.4,54.3,53.2,51,,,,,,,,,,,,,,,
Data provided (appears complete),TXDPD00,DALLAS,"Dallas PD, Texas",,Incident_Number,,,,8,codeMF,"['11990012', '11990008', '11990011', '11990009', '11990001', '11000002', '11000003', '11990002', '11990010', '11990005', '11990006', '11990003', '11990004', '11000006', '11000001']",Disposition,['UNFO'],Disposition,"['CBA18', 'CBA16', 'CBA17']",Disposition,"['CBEA16', 'CBEA18', 'CBEA17']",,,,,,Disposition_Date,Disposition_Date,Disposition_Date,478,803,807,63,103,74,200,303,327,83,139,122,11.6,11.4,8.4,41.8,37.7,40.5,17.4,17.3,15.1,781,782,767,149,103,74,434,426,451,16,11.6,8.8,55.6,54.5,58.8,,,,,,,,,,,,,,,
Data provided (but missing clear dispositions),TXHPD00,HOUSTON,"Houston PD, Texas",,,,,,,,,,,,,,,,,,,,,,,,,,,,,,,,,,,,,,,,,,,,812,986,1210,3,32,41,197,387,547,0.4,3.1,3.3,24.3,39.2,45.2,,,,,,,,,,,,,,,
Data not provided (not explicitly denied),TXSPD00,SAN ANTONIO,"San Antonio PD, Texas",,,,,,,,,,,,,,,,,,,,,,,,,,,,,,,,,,,,,,,,,,,,1077,1049,1190,119,147,153,236,171,150,9.9,12.3,11.4,21.9,16.3,12.6,,,,,,,,,,,,,,,
Data provided (appears complete),UT01800,SALTLAKECITY,"Salt Lake City Unified PD, Utah","['location', 'Location', 'Municipality', 'x_coord', 'y_coord']",MFprim_key,MFprim_key,Report Date,,3,ibr_code,"['11A', '11B', '11C']",Status,['UNFOUNDED'],Status,['CLOSED/ARREST'],Status,['EXCEPTIONALLY'],,,,,,,,,111,136,124,0,1,1,2,1,4,0,0,0,,0.7,0.8,1.8,0.7,3.2,,,,118,139,131,0,0,0,8,4,8,0,0,0,6.8,2.9,6.1,116,138,125,7,4,8,0,0,0,6,2.9,6.4,0,0,0
Data provided (appears complete),VA02101,CHESTERFIELD,"Chesterfield County PD, Virginia",,Incident Number,year,,,4,Offense Description,['Rape/Attempted Rape'],Unfounded,['Yes'],Case Status,['Cleared By Arrest'],Case Status,['Exceptionally Cleared'],,,,,,Arrest Date,Date of Last Status Update,Date of Last Status Update,37,58,65,11,16,12,15,20,20,15,23,28,22.9,21.6,15.6,40.5,34.5,30.8,40.5,39.7,43.1,81,98,99,0,0,0,48,68,63,0,0,0,59.3,69.4,63.6,79,92,91,18,26,21,21,25,30,22.8,28.3,23.1,26.6,27.2,33
Data provided (appears complete),VA02901,FAIRFAX,"Fairfax County PD, Virginia",,Incident Number,Incident Number,,,3,IBR CODE,"['11A', '11B', '11C']",Disposition,['UNFOUNDED'],Disposition,['CLOSED BY ARREST'],Disposition,"['EXC - VICTIM REFUSED TO COOPERATE', 'EXC - PROSECUTION DECLINED', 'EXC - DEATH OF OFFENDER', 'EXC - JUVENILE/NO CUSTODY', 'E - Juvenile/No Custody']",,,,,Disposition,Status Date,Status Date,Status Date,117,117,144,0,2,3,45,33,49,39,41,56,,1.7,2,38.5,28.2,34,33.3,35,38.9,159,130,183,0,0,0,93,73,74,0,0,0,58.5,56.2,40.4,154,128,173,46,27,38,34,34,32,29.9,21.1,22,22.1,26.6,18.5
Data provided (appears complete),VA04301,HENRICO,"Henrico County PD, Virginia",['off_incident_fulladdress1'],MFicr_icr_report_number1,MFicr_icr_report_number1,,,7,Textbox29,"['220 - RAPE-ATTEMPTED-FORCIBLE', '210 - RAPE-FORCIBLE']",offense_status_description1,['Unfounded'],offense_disposition_description1,['Cleared By Arrest'],offense_disposition_description1,['Cleared By Exception'],,,,,,,,,19,20,34,5,2,11,6,9,9,10,10,21,20.8,9.1,24.4,31.6,45,26.5,52.6,50,61.8,28,30,42,0,0,0,19,26,33,0,0,0,67.9,86.7,78.6,27,29,39,2,11,14,12,8,12,7.4,37.9,35.9,44.4,27.6,30.8
Data provided (appears complete),VA05300,LOUDOUN,"Loudoun County Sheriff's Office, Virginia",,CASE #,OFFENSE DATE,,,5,OFFENSE TYPE,"['RAPE', 'RAPE, RAPE', 'RAPE, ROBBERY', 'ROBBERY, RAPE', 'LARCENY, RAPE']",CLEARANCE TYPE,"['01 - Unfounded', 'UNFOUNDED']",CLEARANCE TYPE,"['02 - Clear by Arrest', 'CLEARED BY ARREST']",EXCEPT CLEARANCE TYPE,"['VICTIM REFUSED TO COOPERATE', 'JUVENILE/NO CUSTODY', 'DEATH OF OFFENDER', 'PROSECUTION DECLINED', 'D - Victim Refused to Cooperate', 'B - Prosecution Declined']",,,,,EXCEPT CLEARANCE TYPE,ARREST DATE,EXCEPT CLR DT,,39,31,102,3,5,13,5,6,10,13,14,42,7.1,13.9,11.3,12.8,19.4,9.8,33.3,45.2,41.2,51,47,119,0,0,0,16,14,39,0,0,0,31.4,29.8,32.8,50,46,112,10,8,14,6,6,25,20,17.4,12.5,12,13,22.3
Data provided (appears complete),VA07503,PRINCEWILLIAM,"Prince William County PD, Virginia",,CASE NUMBER,YEAR,REPORTED ON,,2,OFFENSE TYPE,"['SEX - FORCIBLE RAPE', 'SEX - FORCIBLE OTHER']",DISPOSITION,"['3 - Unfounded', 'UNFOUNDED']",DISPOSITION,"['2 - Arrest', 'ARRADULT', 'ARRJUV']",DISPOSITION,"['1 - Exception', 'EXCADULT', 'EXCJUV']",,,,,CLEARANCE BASIS,ARREST DATE,CLEARANCE DATE,UNFOUNDED DATE,96,94,76,40,46,46,43,35,23,48,47,31,29.4,32.9,37.7,44.8,37.2,30.3,50,50,40.8,99,77,86,0,0,0,82,82,57,0,0,0,82.8,106.5,66.3,98,75,79,41,30,21,40,49,30,41.8,40,26.6,40.8,65.3,38
Data provided (appears complete),VA12800,VIRGINIABEACH,"Virginia Beach PD, Virginia",['Location'],Police Case Number,Date Reported,Date Reported,,0,Offense Code,"['11A', '11B1', '11B2', '11C']",Case Status,"['UNFOUNDED, NO FURTHER ACTION NEEDED']",Case Status,['CLEARED BY ARREST'],Case Status,['EXCEPTIONALLY CLEARED'],,,,,,,,,136,93,104,10,8,9,34,20,36,76,37,30,6.8,7.9,8,25,21.5,34.6,55.9,39.8,28.8,115,120,133,0,0,0,87,62,109,0,0,0,75.7,51.7,82,109,117,126,35,26,45,37,31,56,32.1,22.2,35.7,33.9,26.5,44.4
Data provided (appears complete),WA02700,PIERCE,"Pierce County Sheriff's Office, Washington",,Case Number,Case Number,,,7,UCR Code,"['Forcible Rape', 'Forcible Sodomy', 'Sexual Assault With Object']",Unfounded,['Yes'],AnyArrestMF,[1],Exceptional Clearance,"['Prosecution declined', 'Victim refused to cooperate', 'Death of the offender/suspected']",,,,,Exceptional Clearance,,Exceptional Clearance Data,,77,124,139,2,3,0,8,16,10,31,40,48,2.5,2.4,,10.4,12.9,7.2,40.3,32.3,34.5,102,130,147,0,0,0,40,77,87,0,0,0,39.2,59.2,59.2,99,124,138,7,12,16,23,45,42,7.1,9.7,11.6,23.2,36.3,30.4
Data provided (appears complete),WA03100,SNOHOMISH,"Snohomish County Sheriff's Office, Washington",,Case Number,Case Number,,,3,Case Offense Statute Description,"['RAPE 1 DV [STRONGARM]', 'RAPE 2 [STRONGARM]', 'RAPE 3 [STRONGARM]', 'RAPE OF CHILD 1 [STATUTORY]', 'RAPE OF CHILD 1 [SODOMY-GIRL-STRONGARM]', 'RAPE OF CHILD 1 [STRONGARM]', 'RAPE OF CHILD 3  [STATUTORY]', 'RAPE 3 [SODOMY-MAN-STRONGARM]', 'RAPE 3 DV [STRONGARM]', 'RAPE OF CHILD 3  [STRONGARM]', 'RAPE 1 DV [WEAPON]', 'RAPE 2 [SODOMY-MAN-STRONGARM]', 'RAPE 2 DV [STRONGARM]', 'RAPE OF CHILD 1 [SODOMY-BOY-GUN]', 'RAPE 1 [STRONGARM]', 'RAPE 3  DV [SODOMY-WOMAN-STRONGARM]', 'RAPE OF CHILD 1 [SODOMY-BOY-STRONGARM]', 'RAPE OF CHILD 2 [STRONGARM]', 'RAPE OF CHILD 2  [STATUTORY]', 'RAPE OF CHILD 3  [SODOMY-GIRL-STRONGARM]', 'RAPE 3  [SODOMY-WOMAN-STRONGARM]', 'RAPE 1 [WEAPON]', 'RAPE 1 [SODOMY-WOMAN-WEAPON]', 'RAPE 1 [GUN]', 'RAPE OF CHILD 3  [SODOMY-BOY-STRONGARM]', 'RAPE OF CHILD 1 [SODOMY-BOY-WEAPON]', 'RAPE 2 [WEAPON]', 'RAPE 2 [SODOMY-WOMAN-STRONGARM]', 'RAPE 3  [SODOMY-WOMAN-WEAPON]']",Case Disposition,"['Unfounded', 'No Crime Occurred']",MFAnyArrestDate,[1],MFExceptional,[1],,,,,Case Exceptional Clearance,Arrest Date And Time,Case Clearance Date And Time,Case Disposition Date And Time,,40,281,,3,6,,13,123,,5,14,,7,2.1,,32.5,43.8,,12.5,5,62,75,106,0,0,0,22,44,25,0,0,0,35.5,58.7,23.6,,14,105,,3,17,,1,8,,21.4,16.2,,7.1,7.6
Data provided (appears complete),WASPD00,SEATTLE,"Seattle PD, Washington",,GO_NUMBER,GO_NUMBER,,,3,IBR_CODE,['11A'],UNFOUNDED_YN,['Y'],CLEARANCE_TYPE,['C'],CLEARANCE_TYPE,['O'],,,,,EXCEPTIONAL_CLEARANCE_TYPE,MF_CLEARANCE_DATE,MF_CLEARANCE_DATE,MF_CLEARANCE_DATE,127,111,196,3,10,5,19,13,15,14,13,10,2.3,8.3,2.5,15,11.7,7.7,11,11.7,5.1,154,140,262,0,0,0,37,32,61,0,0,0,24,22.9,23.3,154,137,245,21,26,34,16,4,18,13.6,19,13.9,10.4,2.9,7.3
Data not provided (denied),WIMPD00,MILWAUKEE,"Milwaukee PD, Wisconsin",,,,,,,,,,,,,,,,,,,,,,,,,,,,,,,,,,,,,,,,,,,,396,436,477,0,0,0,266,284,320,0,0,0,67.2,65.1,67.1,389,429,466,247,261,266,15,14,41,63.5,60.8,57.1,3.9,3.3,8.8
